keyword,cve_id,cve_desc,url
android+lite,CVE-2023-38298,"Various software builds for the following TCL devices (30Z, A3X, 20XE, 10L) leak the device IMEI to a system property that can be accessed by any local app on the device without any permissions or special privileges. Google restricted third-party apps from directly obtaining non-resettable device identifiers in Android 10 and higher, but in these instances they are leaked by a high-privilege process and can be obtained indirectly. The software build fingerprints for each confirmed vulnerable device are as follows: TCL 30Z (TCL/4188R/Jetta_ATT:12/SP1A.210812.016/LV8E:user/release-keys, TCL/T602DL/Jetta_TF:12/SP1A.210812.016/vU5P:user/release-keys, TCL/T602DL/Jetta_TF:12/SP1A.210812.016/vU61:user/release-keys, TCL/T602DL/Jetta_TF:12/SP1A.210812.016/vU66:user/release-keys, TCL/T602DL/Jetta_TF:12/SP1A.210812.016/vU68:user/release-keys, TCL/T602DL/Jetta_TF:12/SP1A.210812.016/vU6P:user/release-keys, and TCL/T602DL/Jetta_TF:12/SP1A.210812.016/vU6X:user/release-keys); TCL A3X (TCL/A600DL/Delhi_TF:11/RKQ1.201202.002/vAAZ:user/release-keys, TCL/A600DL/Delhi_TF:11/RKQ1.201202.002/vAB3:user/release-keys, TCL/A600DL/Delhi_TF:11/RKQ1.201202.002/vAB7:user/release-keys, TCL/A600DL/Delhi_TF:11/RKQ1.201202.002/vABA:user/release-keys, TCL/A600DL/Delhi_TF:11/RKQ1.201202.002/vABM:user/release-keys, TCL/A600DL/Delhi_TF:11/RKQ1.201202.002/vABP:user/release-keys, and TCL/A600DL/Delhi_TF:11/RKQ1.201202.002/vABS:user/release-keys); TCL 20XE (TCL/5087Z_BO/Doha_TMO:11/RP1A.200720.011/PB7I-0:user/release-keys and TCL/5087Z_BO/Doha_TMO:11/RP1A.200720.011/PB83-0:user/release-keys); and TCL 10L (TCL/T770B/T1_LITE:10/QKQ1.200329.002/3CJ0:user/release-keys and TCL/T770B/T1_LITE:11/RKQ1.210107.001/8BIC:user/release-keys). This malicious app reads from the ""gsm.device.imei0"" system property to indirectly obtain the device IMEI.

",https://cve.mitre.org/cgi-bin/cvekey.cgi?keyword=android+lite
android+lite,CVE-2023-38295,"Certain software builds for the TCL 30Z and TCL 10 Android devices contain a vulnerable, pre-installed app that relies on a missing permission that provides no protection at runtime. The missing permission is required as an access permission by components in various pre-installed apps. On the TCL 30Z device, the vulnerable app has a package name of com.tcl.screenrecorder (versionCode='1221092802', versionName='v5.2120.02.12008.1.T' ; versionCode='1221092805', versionName='v5.2120.02.12008.2.T'). On the TCL 10L device, the vulnerable app has a package name of com.tcl.sos (versionCode='2020102827', versionName='v3.2014.12.1012.B'). When a third-party app declares and requests the missing permission, it can interact with certain service components in the aforementioned apps (that execute with ""system"" privileges) to perform arbitrary files reads/writes in its context. An app exploiting this vulnerability only needs to declare and request the single missing permission and no user interaction is required beyond installing and running a third-party app. The software build fingerprints for each confirmed vulnerable device are as follows: TCL 10L (TCL/T770B/T1_LITE:11/RKQ1.210107.001/8BIC:user/release-keys) and TCL 30Z (TCL/4188R/Jetta_ATT:12/SP1A.210812.016/LV8E:user/release-keys, TCL/T602DL/Jetta_TF:12/SP1A.210812.016/vU5P:user/release-keys, TCL/T602DL/Jetta_TF:12/SP1A.210812.016/vU61:user/release-keys, TCL/T602DL/Jetta_TF:12/SP1A.210812.016/vU66:user/release-keys, TCL/T602DL/Jetta_TF:12/SP1A.210812.016/vU68:user/release-keys, TCL/T602DL/Jetta_TF:12/SP1A.210812.016/vU6P:user/release-keys, and TCL/T602DL/Jetta_TF:12/SP1A.210812.016/vU6X:user/release-keys). This malicious app declares the missing permission named com.tct.smart.switchphone.permission.SWITCH_DATA as a normal permission, requests the missing permission, and uses it to interact with the com.tct.smart.switchdata.DataService service component that is declared in vulnerable apps that execute with ""system"" privileges to perform arbitrary file reads/writes.

",https://cve.mitre.org/cgi-bin/cvekey.cgi?keyword=android+lite
android+lite,CVE-2023-38291,"An issue was discovered in a third-party component related to ro.boot.wifimacaddr, shipped on devices from multiple device manufacturers. Various software builds for the following TCL devices (30Z and 10L) and Motorola devices (Moto G Pure and Moto G Power) leak the Wi-Fi MAC address to a system property that can be accessed by any local app on the device without any permissions or special privileges. Google restricted third-party apps from directly obtaining non-resettable device identifiers in Android 10 and higher, but in these instances they are leaked by a high-privilege process and can be obtained indirectly. The software build fingerprints for each confirmed vulnerable device are as follows: TCL A3X (TCL/A600DL/Delhi_TF:11/RKQ1.201202.002/vAAZ:user/release-keys, TCL/A600DL/Delhi_TF:11/RKQ1.201202.002/vAB3:user/release-keys, TCL/A600DL/Delhi_TF:11/RKQ1.201202.002/vAB7:user/release-keys, TCL/A600DL/Delhi_TF:11/RKQ1.201202.002/vABA:user/release-keys, TCL/A600DL/Delhi_TF:11/RKQ1.201202.002/vABM:user/release-keys, TCL/A600DL/Delhi_TF:11/RKQ1.201202.002/vABP:user/release-keys, and TCL/A600DL/Delhi_TF:11/RKQ1.201202.002/vABS:user/release-keys); TCL 10L (TCL/T770B/T1_LITE:10/QKQ1.200329.002/3CJ0:user/release-keys and TCL/T770B/T1_LITE:11/RKQ1.210107.001/8BIC:user/release-keys); Motorola Moto G Pure (motorola/ellis_trac/ellis:11/RRHS31.Q3-46-110-2/74844:user/release-keys, motorola/ellis_trac/ellis:11/RRHS31.Q3-46-110-7/5cde8:user/release-keys, motorola/ellis_trac/ellis:11/RRHS31.Q3-46-110-10/d67faa:user/release-keys, motorola/ellis_trac/ellis:11/RRHS31.Q3-46-110-13/b4a29:user/release-keys, motorola/ellis_trac/ellis:12/S3RH32.20-42-10/1c2540:user/release-keys, motorola/ellis_trac/ellis:12/S3RHS32.20-42-13-2-1/6368dd:user/release-keys, motorola/ellis_a/ellis:11/RRH31.Q3-46-50-2/20fec:user/release-keys, motorola/ellis_vzw/ellis:11/RRH31.Q3-46-138/103bd:user/release-keys, motorola/ellis_vzw/ellis:11/RRHS31.Q3-46-138-2/e5502:user/release-keys, and motorola/ellis_vzw/ellis:12/S3RHS32.20-42-10-14-2/5e0b0:user/release-keys); and Motorola Moto G Power (motorola/tonga_g/tonga:11/RRQ31.Q3-68-16-2/e5877:user/release-keys and motorola/tonga_g/tonga:12/S3RQS32.20-42-10-6/f876d3:user/release-keys). This malicious app reads from the ""ro.boot.wifimacaddr"" system property to indirectly obtain the Wi-Fi MAC address.

",https://cve.mitre.org/cgi-bin/cvekey.cgi?keyword=android+lite
"android+lite,android+lite+application",CVE-2019-9599,"The AirDroid application through 4.2.1.6 for Android allows remote attackers to cause a denial of service (service crash) via many simultaneous sdctl/comm/lite_auth/ requests.

",https://cve.mitre.org/cgi-bin/cvekey.cgi?keyword=android+lite
android+lite,CVE-2019-15473,"The Xiaomi Mi A2 Lite Android device with a build fingerprint of xiaomi/jasmine/jasmine_sprout:9/PKQ1.180904.001/V10.0.2.0.PDIMIFJ:user/release-keys contains a pre-installed app with a package name of com.qualcomm.qti.callenhancement app (versionCode=28, versionName=9) that allows unauthorized microphone audio recording via a confused deputy attack. This capability can be accessed by any app co-located on the device. This app allows a third-party app to use its open interface to record telephone calls to external storage.

",https://cve.mitre.org/cgi-bin/cvekey.cgi?keyword=android+lite
android+lite,CVE-2019-15472,"The Xiaomi Mi A2 Lite Android device with a build fingerprint of xiaomi/daisy/daisy_sprout:9/PKQ1.180917.001/V10.0.3.0.PDLMIXM:user/release-keys contains a pre-installed app with a package name of com.qualcomm.qti.callenhancement app (versionCode=28, versionName=9) that allows unauthorized microphone audio recording via a confused deputy attack. This capability can be accessed by any app co-located on the device. This app allows a third-party app to use its open interface to record telephone calls to external storage.

",https://cve.mitre.org/cgi-bin/cvekey.cgi?keyword=android+lite
android+lite,CVE-2019-15468,"The Xiaomi Mi A2 Lite Android device with a build fingerprint of xiaomi/daisy/daisy_sprout:9/PKQ1.180917.001/V10.0.3.0.PDLMIXM:user/release-keys contains a pre-installed app with a package name of com.huaqin.factory app (versionCode=1, versionName=QL1715_201812071953) that allows unauthorized wireless settings modification via a confused deputy attack. This capability can be accessed by any app co-located on the device.

",https://cve.mitre.org/cgi-bin/cvekey.cgi?keyword=android+lite
android+lite,CVE-2019-15408,"The Asus ZenFone 5 Lite Android device with a build fingerprint of asus/WW_Phone/ASUS_X017D_1:7.1.1/NMF26F/14.0400.1810.061-20181107:user/release-keys contains a pre-installed app with a package name of com.asus.loguploaderproxy app (versionCode=1570000020, versionName=7.0.0.4_170901) that allows other pre-installed apps to perform command execution via an accessible app component. This capability can be accessed by any pre-installed app on the device which can obtain signatureOrSystem permissions that are required by other other pre-installed apps that exported their capabilities to other pre-installed app.

",https://cve.mitre.org/cgi-bin/cvekey.cgi?keyword=android+lite
android+lite,CVE-2019-15374,"The Lava Iris 88 Lite Android device with a build fingerprint of LAVA/iris88_lite/iris88_lite:8.1.0/O11019/1536323070:user/release-keys contains a pre-installed app with a package name of com.mediatek.wfo.impl app (versionCode=27, versionName=8.1.0) that allows any app co-located on the device to modify a system property through an exported interface without proper authorization.

",https://cve.mitre.org/cgi-bin/cvekey.cgi?keyword=android+lite
android+lite,CVE-2019-15373,"The Symphony i95 Lite Android device with a build fingerprint of LAVA/iris88_lite/iris88_lite:8.1.0/O11019/1536323070:user/release-keys contains a pre-installed app with a package name of com.mediatek.wfo.impl app (versionCode=27, versionName=8.1.0) that allows any app co-located on the device to modify a system property through an exported interface without proper authorization.

",https://cve.mitre.org/cgi-bin/cvekey.cgi?keyword=android+lite
android+lite,CVE-2019-15338,"The Lava Iris 88 Lite Android device with a build fingerprint of LAVA/iris88_lite/iris88_lite:8.1.0/O11019/1536323070:user/release-keys contains a pre-installed app with a package name of com.android.lava.powersave app (versionCode=400, versionName=v4.0.27) that allows any app co-located on the device to programmatically disable and enable Wi-Fi without the corresponding access permission through an exported interface.

",https://cve.mitre.org/cgi-bin/cvekey.cgi?keyword=android+lite
android+lite,CVE-2017-6871,"A vulnerability was discovered in Siemens SIMATIC WinCC Sm@rtClient for Android (All versions before V1.0.2.2) and SIMATIC WinCC Sm@rtClient for Android Lite (All versions before V1.0.2.2). An attacker with physical access to an unlocked mobile device, that has the affected app running, could bypass the app's authentication mechanism under certain conditions.

",https://cve.mitre.org/cgi-bin/cvekey.cgi?keyword=android+lite
android+lite,CVE-2015-5084,"The Siemens SIMATIC WinCC Sm@rtClient and Sm@rtClient Lite applications before 01.00.01.00 for Android do not properly store passwords, which allows physically proximate attackers to obtain sensitive information via unspecified vectors.

",https://cve.mitre.org/cgi-bin/cvekey.cgi?keyword=android+lite
"android+lite,android+lite+application",CVE-2014-7781,"The Marijuana Handbook Lite - Weed (aka com.fallacystudios.marijuanahandbooklite) application 3.2 for Android does not verify X.509 certificates from SSL servers, which allows man-in-the-middle attackers to spoof servers and obtain sensitive information via a crafted certificate.

",https://cve.mitre.org/cgi-bin/cvekey.cgi?keyword=android+lite
"android+lite,android+lite+application",CVE-2014-7646,"The EMT-Paramedic Lite (aka com.wEMTparamedicLite) application 0.1 for Android does not verify X.509 certificates from SSL servers, which allows man-in-the-middle attackers to spoof servers and obtain sensitive information via a crafted certificate.

",https://cve.mitre.org/cgi-bin/cvekey.cgi?keyword=android+lite
"android+lite,android+lite+application",CVE-2014-7419,"The PokeCreator Lite (aka com.pokecreator.builderlite) application 1.1 for Android does not verify X.509 certificates from SSL servers, which allows man-in-the-middle attackers to spoof servers and obtain sensitive information via a crafted certificate.

",https://cve.mitre.org/cgi-bin/cvekey.cgi?keyword=android+lite
"android+lite,android+lite+application",CVE-2014-7025,"The Who-is-it? Lite name caller time limited free (aka de.profiler.android.whoisit) application 1.0 for Android does not verify X.509 certificates from SSL servers, which allows man-in-the-middle attackers to spoof servers and obtain sensitive information via a crafted certificate.

",https://cve.mitre.org/cgi-bin/cvekey.cgi?keyword=android+lite
"android+lite,android+lite+application",CVE-2014-6722,"The Pescuit Crap Lite (aka ro.aventurilapescui.pescuitcrap.lite) application 1.0 for Android does not verify X.509 certificates from SSL servers, which allows man-in-the-middle attackers to spoof servers and obtain sensitive information via a crafted certificate.

",https://cve.mitre.org/cgi-bin/cvekey.cgi?keyword=android+lite
"android+lite,android+lite+application",CVE-2014-6720,"The Pesca de Carpa Lite (aka com.clearfishing.pescadecarpa.lite) application 1.0 for Android does not verify X.509 certificates from SSL servers, which allows man-in-the-middle attackers to spoof servers and obtain sensitive information via a crafted certificate.

",https://cve.mitre.org/cgi-bin/cvekey.cgi?keyword=android+lite
"android+lite,android+lite+application",CVE-2014-5705,"The Sonic CD Lite (aka com.soa.sega.soniccdlite) application 1.0.4 for Android does not verify X.509 certificates from SSL servers, which allows man-in-the-middle attackers to spoof servers and obtain sensitive information via a crafted certificate.

",https://cve.mitre.org/cgi-bin/cvekey.cgi?keyword=android+lite
"android+lite,android+lite+application",CVE-2014-5696,"The Sonic 4 Episode II LITE (aka com.sega.sonic4ep2lite) application 2.3 for Android does not verify X.509 certificates from SSL servers, which allows man-in-the-middle attackers to spoof servers and obtain sensitive information via a crafted certificate.

",https://cve.mitre.org/cgi-bin/cvekey.cgi?keyword=android+lite
"android+lite,android+lite+application",CVE-2014-5547,"The Mahjong Galaxy Space Lite (aka air.com.permadi.mahjongIris) application 2.5 for Android does not verify X.509 certificates from SSL servers, which allows man-in-the-middle attackers to spoof servers and obtain sensitive information via a crafted certificate.

",https://cve.mitre.org/cgi-bin/cvekey.cgi?keyword=android+lite
"android+lite,android+lite+application",CVE-2014-0805,"Directory traversal vulnerability in the NeoFiler application 5.4.3 and earlier, NeoFiler Free application 5.4.3 and earlier, and NeoFiler Lite application 2.4.2 and earlier for Android allows attackers to overwrite or create arbitrary files via unspecified vectors.

",https://cve.mitre.org/cgi-bin/cvekey.cgi?keyword=android+lite
android+lite,CVE-2013-4669,"FortiClient before 4.3.5.472 on Windows, before 4.0.3.134 on Mac OS X, and before 4.0 on Android; FortiClient Lite before 4.3.4.461 on Windows; FortiClient Lite 2.0 through 2.0.0223 on Android; and FortiClient SSL VPN before 4.0.2258 on Linux proceed with an SSL session after determining that the server's X.509 certificate is invalid, which allows man-in-the-middle attackers to obtain sensitive information by leveraging a password transmission that occurs before the user warning about the certificate problem.

",https://cve.mitre.org/cgi-bin/cvekey.cgi?keyword=android+lite
"android+lite,android+lite+application",CVE-2012-1485,"Unspecified vulnerability in the NetFront Life Browser (com.access_company.android.nflifebrowser.lite) application 2.2.0 and 2.3.0 for Android has unknown impact and attack vectors.

",https://cve.mitre.org/cgi-bin/cvekey.cgi?keyword=android+lite
"android+lite,android+lite+application",CVE-2011-1840,"The MartiniCreations PassmanLite Password Manager application before 1.48 for Android stores the master password and unspecified other account information in cleartext, which allows local users to obtain sensitive information by leveraging shell access.

",https://cve.mitre.org/cgi-bin/cvekey.cgi?keyword=android+lite
