app name,app id ,app url,full app
"Race, Stunt, Fight, Lite!",ac.lite,https://www.appbrain.com/app/race-stunt-fight-lite/ac.lite,0
Accounts Lite ,accountslite.n2tech.namespace,https://play.google.com/store/apps/details?id=accountslite.n2tech.namespace,0
Age of History Lite,age.of.civilizations.jakowski.lite,https://www.appbrain.com/app/age-of-history-lite/age.of.civilizations.jakowski.lite,1
Pepi Tree Lite,air.com.pepiplay.pepitreelite,https://www.appbrain.com/app/pepi-tree-lite/air.com.pepiplay.pepitreelite,1
Антирадар HUD Speed Lite,air.StrelkaHUDFREE,https://www.appbrain.com/app/%D0%B0%D0%BD%D1%82%D0%B8%D1%80%D0%B0%D0%B4%D0%B0%D1%80-hud-speed-lite/air.StrelkaHUDFREE,0
GPS АнтиРадар LITE (радар-дете,air.StrelkaSDFREE,https://www.appbrain.com/app/gps-%D0%B0%D0%BD%D1%82%D0%B8%D1%80%D0%B0%D0%B4%D0%B0%D1%80-lite-%D1%80%D0%B0%D0%B4%D0%B0%D1%80-%D0%B4%D0%B5%D1%82%D0%B5/air.StrelkaSDFREE,0
Anime Color Lite,anime.art.paint.tap.color.by.number.lite,https://www.appbrain.com/app/anime-color-lite/anime.art.paint.tap.color.by.number.lite,0
Helo Lite - Download Share WhatsApp Status Videos,app.buzz.share.lite,https://www.apkmirror.com/apk/helo-holdings-limited/helo-lite-download-share-whatsapp-status-videos/,1
Video Compressor lite ,app.dfeverx.videocompressor,https://play.google.com/store/apps/details?id=app.dfeverx.videocompressor,0
UntrackMe Lite (fdroid version),app.fedilab.nitterizemelite,https://www.apkmirror.com/apk/tom79/untrackme-lite-fdroid-version/,0
????? Lite- ?? ?? ????,atommerce.mindcafe,https://www.appbrain.com/app/%EB%A7%88%EC%9D%B8%EB%93%9C%EC%B9%B4%ED%8E%98-lite-%EB%A7%88%EC%9D%8C-%EC%B9%98%EC%9C%A0-%EC%BB%A4%EB%AE%A4%EB%8B%88%ED%8B%B0/atommerce.mindcafe,1
Flashlight Lite ,banga.ga.lampetorche,https://play.google.com/store/apps/details?id=banga.ga.lampetorche,0
My Airtel Lite - Bangladesh,bd.com.robi.myairtellite,https://www.appbrain.com/app/my-airtel-lite-bangladesh/bd.com.robi.myairtellite,1
My Robi Lite,bd.com.robi.robilite,https://www.appbrain.com/app/my-robi-lite/bd.com.robi.robilite,1
Beat.ly Lite:Music Video Maker ,beatly.lite.tiktok,https://play.google.com/store/apps/details?id=beatly.lite.tiktok,1
Bible Offline Lite-Fast&Light ,bible.offline.lite.kjvbible,https://play.google.com/store/apps/details?id=bible.offline.lite.kjvbible,1
Phoenix Lite 写谢褟 袙袣芯薪褌邪泻褌械 ,biz.dealnote.messenger,https://play.google.com/store/apps/details?id=biz.dealnote.messenger,1
Romi Lite ,ca.romi.lite,https://play.google.com/store/apps/details?id=ca.romi.lite,1
Camera360 Lite - Selfie Camera,camera360.lite.beauty.selfie.camera,https://www.apkmirror.com/apk/pinguo-inc/camera360-lite/,1
Board Games Lite ,cat.minkusoft.parxis,https://play.google.com/store/apps/details?id=cat.minkusoft.parxis,1
Solitaire Lite ,classic.klondike.solitaire.cardgame.patience.lite,https://play.google.com/store/apps/details?id=classic.klondike.solitaire.cardgame.patience.lite,1
Lite Cleaner ,cleaner.fast.studio.lite.boost.security,https://play.google.com/store/apps/details?id=cleaner.fast.studio.lite.boost.security,0
Aptoide Lite,cm.aptoide.lite,https://www.apkmirror.com/apk/aptoide/aptoide-lite/,0
Honey Lite - Live Video Call ,cn.urhoney.ulite,https://play.google.com/store/apps/details?id=cn.urhoney.ulite,1
WPS Office Lite ,cn.wps.moffice_i18n,https://play.google.com/store/apps/details?id=cn.wps.moffice_i18n,1
Duck Life: Battle Lite ,co.uk.wixgames.ducklifebattlelite,https://play.google.com/store/apps/details?id=co.uk.wixgames.ducklifebattlelite,1
Phone Cleaner Lite,com.abovesky.phonecleanerlite,https://play.google.com/store/apps/details?id=com.abovesky.phonecleanerlite,0
Dealer’s Life Lite Pawn Shop,com.AbyteEntertainment.DealersLife,https://play.google.com/store/apps/details?id=com.AbyteEntertainment.DealersLife,0
Been Love Memory (Lite),com.addev.beenlovememory.lite,https://www.appbrain.com/app/been-love-memory-lite/com.addev.beenlovememory.lite,1
VPN lite ,com.adyala.freevpn2020.stream_vpn.vpn_secure.streaming_vpn2020.purevpn.free.proxy.new_free_vpn,https://play.google.com/store/apps/details?id=com.adyala.freevpn2020.stream_vpn.vpn_secure.streaming_vpn2020.purevpn.free.proxy.new_free_vpn,0
Mental Hospital IV Lite,com.agaming.mentalhospitalivlite,https://www.appbrain.com/app/mental-hospital-iv-lite/com.agaming.mentalhospitalivlite,1
PDF Reader Lite - Ebook Reader ,com.agbtechnologies.pdfreaderlite,https://play.google.com/store/apps/details?id=com.agbtechnologies.pdfreaderlite,0
VFly Lite-Magic Effects Editor,com.ai.ifly,https://www.appbrain.com/app/vfly-lite-magic-effects-editor/com.ai.ifly,0
Airtel Thanks Lite | Recharge & Data Balance,com.airtel.twa,https://www.apkmirror.com/apk/airtel/airtel-thanks-lite-takes-less-than-1mb-to-download/,0
DingTalk Lite ,com.alibaba.dingtalk.global,https://play.google.com/store/apps/details?id=com.alibaba.dingtalk.global,1
Aloha Browser Lite - Fast VPN,com.alohamobile.browser.lite,https://play.google.com/store/apps/details?id=com.alohamobile.browser.lite,1
Falcon Browser Lite ,com.alpha.falconlite,https://play.google.com/store/apps/details?id=com.alpha.falconlite,0
Amazon Kindle Lite ?Read millions of eBooks,com.amazon.klite,https://www.apkmirror.com/apk/amazon-mobile-llc/amazon-kindle-lite-read-millions-of-ebooks/,1
Gif live wallpaper - Lite,com.ameerhamza.animatedgiflivewallpapers,https://www.appbrain.com/app/gif-live-wallpaper-lite/com.ameerhamza.animatedgiflivewallpapers,0
OTG Disk Explorer Lite,com.anda.otgdisk,https://www.appbrain.com/app/otg-disk-explorer-lite/com.anda.otgdisk,1
Smart Social Lite ,com.andmobi.smartfb,https://play.google.com/store/apps/details?id=com.andmobi.smartfb,0
Lite Browser ,com.androi.webview.facilewebbrowser,https://play.google.com/store/apps/details?id=com.androi.webview.facilewebbrowser,0
Private Browser - Lite ,com.androidbull.incognitobrowser.lite,https://play.google.com/store/apps/details?id=com.androidbull.incognitobrowser.lite,1
Carros Socados BR Lite,com.androidgamesbr.carrossocadosbrnoads,https://www.appbrain.com/app/carros-socados-br-lite/com.androidgamesbr.carrossocadosbrnoads,1
Add Watermark Lite,com.androidvilla.addwatermark.free,https://www.appbrain.com/app/add-watermark-lite/com.androidvilla.addwatermark.free,1
Video Player Lite ,com.andromoboapps.litevideoplayer,https://play.google.com/store/apps/details?id=com.andromoboapps.litevideoplayer,0
Karaoke Lite: Sing & Record ,com.anhlt.karaokelite,https://play.google.com/store/apps/details?id=com.anhlt.karaokelite,1
Antivirus Lite - Virus Removal,com.antiviruslite.viruscleaner,https://play.google.com/store/apps/details?id=com.antiviruslite.viruscleaner,0
AnTuTu Lite,com.antutu.ABenchMark.lite,https://www.apkmirror.com/apk/antutu/antutu-lite/,0
AnTuTu 3DBench Lite,com.antutu.benchmark.full.lite,https://www.apkmirror.com/apk/antutu/antutu-3dbench-lite/,0
App Booster Lite - RAM Booster,com.app.booster.lite.phonecleaner.batterysaver.cleanmaster,https://www.appbrain.com/app/app-booster-lite-ram-booster/com.app.booster.lite.phonecleaner.batterysaver.cleanmaster,1
Dual App Lite ,com.app.hider.master.dual.app.lite,https://play.google.com/store/apps/details?id=com.app.hider.master.dual.app.lite,1
App Hider Lite ,com.app.hider.master.lite,https://play.google.com/store/apps/details?id=com.app.hider.master.lite,1
App Hider Lite 64 Support ,com.app.hider.master.lite.helper64,https://play.google.com/store/apps/details?id=com.app.hider.master.lite.helper64,1
Gnula TV Lite,com.app.litegnulatv,https://www.appbrain.com/app/gnula-tv-lite/com.app.litegnulatv,0
App Lock Lite-鎸囩汗锛屽浘妗堝拰澶уご閽?,com.appmax.applock,https://play.google.com/store/apps/details?id=com.appmax.applock,0
"Prayer Now Lite: Azan, Qibla",com.AppRocks.i.muslim.prayer.times,https://www.appbrain.com/app/prayer-now-lite-azan-qibla/com.AppRocks.i.muslim.prayer.times,1
KeepClean Lite - Clean & Fast ,com.appsinnova.android.keepclean.lite,https://play.google.com/store/apps/details?id=com.appsinnova.android.keepclean.lite,1
Libri Lite ,com.appsinnova.android.novel.free,https://play.google.com/store/apps/details?id=com.appsinnova.android.novel.free,1
AirAttack HD Lite,com.ArtInGames.AirAttackHDLite,https://www.apkmirror.com/apk/colya/airattack-hd-lite/,0
AVABEL LITE,com.asobimo.avabel_lite,https://play.google.com/store/apps/details?id=com.asobimo.avabel_lite,0
FORScan Lite,com.astech.forscanlite,https://www.appbrain.com/app/forscan-lite/com.astech.forscanlite,0
Construction Simulator 2 Lite,com.astragon.constructionsim2uslt,https://www.appbrain.com/app/construction-simulator-2-lite/com.astragon.constructionsim2uslt,1
Construction Simulator 3 Lite,com.astragon.cs3lite,https://www.appbrain.com/app/construction-simulator-3-lite/com.astragon.cs3lite,1
Wifi Speed Test Master lite,com.atlasv.android.speedtest.lite,https://www.appbrain.com/app/wifi-speed-test-master-lite/com.atlasv.android.speedtest.lite,1
PDF viewer lite,com.avrapps.pdfviewer,https://play.google.com/store/apps/details?id=com.avrapps.pdfviewer,0
Lite Screen Recorder (Easy and ,com.ayomi.screenrec,https://play.google.com/store/apps/details?id=com.ayomi.screenrec,0
Badoo Lite - The Dating App,com.badoo.twa,https://www.appbrain.com/app/badoo-lite-the-dating-app/com.badoo.twa,1
Hyper Front Lite,com.battlefun.c1game.naslim,https://www.appbrain.com/app/hyper-front-lite/com.battlefun.c1game.naslim,0
Clear Cache Lite - Optimize & ,com.bazinga.cacheclean.lite,https://play.google.com/store/apps/details?id=com.bazinga.cacheclean.lite,1
BUGABOO.TV Lite,com.bbtvnewmedia.bugaboolite,https://www.appbrain.com/app/bugaboo-tv-lite/com.bbtvnewmedia.bugaboolite,1
BeeTalk Lite : Radar BeeTalk,com.beeflirt.beetalk,https://www.appbrain.com/app/beetalk-lite-radar-beetalk/com.beeflirt.beetalk,0
Bela Lite ,com.belalite.live,https://play.google.com/store/apps/details?id=com.belalite.live,1
Battery Full Alarm Lite,com.best.battery.alarm,https://www.appbrain.com/app/battery-full-alarm-lite/com.best.battery.alarm,0
FlyPods Lite ,com.bitaxon.app.ew002.wizard.freebuds,https://play.google.com/store/apps/details?id=com.bitaxon.app.ew002.wizard.freebuds,0
Earn Lite coin (LTC) ,com.bitcoin.devgearslitecoin,https://play.google.com/store/apps/details?id=com.bitcoin.devgearslitecoin,0
Block Puzzle Lite ,com.block.puzzle.lite,https://play.google.com/store/apps/details?id=com.block.puzzle.lite,1
The House of Da Vinci 2 Lite,com.bluebraingames.thehouseofdavinci2.demo,https://www.apkmirror.com/apk/blue-brain-games-s-r-o/the-house-of-da-vinci-2-lite/,1
Parkour: Roof Riders Lite,com.blyts.parkourlite.activities,https://www.appbrain.com/app/parkour-roof-riders-lite/com.blyts.parkourlite.activities,1
iK枚rkort Lite,com.boboshi.ikorkortlite,https://www.appbrain.com/app/ik%C3%B6rkort-lite/com.boboshi.ikorkortlite,1
Medicinal plants lite,com.bontwui.plantelite,https://www.appbrain.com/app/medicinal-plants-lite/com.bontwui.plantelite,1
Human Japanese Lite,com.braksoftware.HumanJapaneseLite,https://www.appbrain.com/app/human-japanese-lite/com.braksoftware.HumanJapaneseLite,1
Exploration Lite World Craft - ,com.brawlezgames.Exploration,https://play.google.com/store/apps/details?id=com.brawlezgames.Exploration,0
Byaah Lite,com.byaahlite.live,https://www.appbrain.com/app/byaah-lite/com.byaahlite.live,1
Lite for Social ,com.cadic.liteforsocial,https://play.google.com/store/apps/details?id=com.cadic.liteforsocial,0
Calculator Lite,com.calculator.lite,https://play.google.com/store/apps/details?id=com.calculator.lite,0
Sleep Sounds for sleeping Lite,com.calm.relaxing.meditationmusic,https://www.appbrain.com/app/sleep-sounds-for-sleeping-lite/com.calm.relaxing.meditationmusic,0
CarX Drift Racing Lite ,com.CarXTech.CarXDriftRacing,https://play.google.com/store/apps/details?id=com.CarXTech.CarXDriftRacing,1
Celebrity Voice Changer Lite,com.CelebrityVoiceChanger.best.voice.fx.funny.lite,https://www.appbrain.com/app/celebrity-voice-changer-lite/com.CelebrityVoiceChanger.best.voice.fx.funny.lite,0
Ch7HD LITE,com.Ch7.bbtvch7lite,https://www.appbrain.com/app/ch7hd-lite/com.Ch7.bbtvch7lite,0
Chess Genius Lite ,com.chessgenius.android.chesslite,https://play.google.com/store/apps/details?id=com.chessgenius.android.chesslite,1
KJV Bible Lite - Smallest Offl ,com.chif.kjvlite,https://play.google.com/store/apps/details?id=com.chif.kjvlite,0
Hermit — Lite Apps Browser,com.chimbori.hermitcrab,https://play.google.com/store/apps/details?id=com.chimbori.hermitcrab,0
Chordbot Lite,com.chordbot.demo.gui,https://www.appbrain.com/app/chordbot-lite/com.chordbot.demo.gui,1
Unbroken Soul Lite ,com.Chorrus.UnbrokenSoulFree,https://play.google.com/store/apps/details?id=com.Chorrus.UnbrokenSoulFree,1
Lite Launcher ,com.ck.dev.litelauncher,https://play.google.com/store/apps/details?id=com.ck.dev.litelauncher,0
Classic Dino Cadillacs Lite,com.classic.dinoemulator.neschip,https://www.appbrain.com/app/classic-dino-cadillacs-lite/com.classic.dinoemulator.neschip,0
Clean Master Lite - For Low-End Phone,com.cmcm.lite,https://www.apkmirror.com/apk/cheetah-mobile/clean-master-lite-super-fast/,0
CM Security Lite - Antivirus,com.cmsecurity.lite,https://www.apkmirror.com/apk/cheetah-mobile-applock-antivirus/cm-security-lite-antivirus-2/,0
Faster Lite for Facebook - Mul ,com.colorfulfbpros.fastliteprosnew,https://play.google.com/store/apps/details?id=com.colorfulfbpros.fastliteprosnew,0
Avee Music Player (Lite),com.daaw.avee.lite,https://www.appbrain.com/app/avee-music-player-lite/com.daaw.avee.lite,0
Love.ru Lite ,com.dating.mylove.lite,https://play.google.com/store/apps/details?id=com.dating.mylove.lite,1
Remember: Room Escape LITE,com.dave.dubya.games.remember.lite,https://www.appbrain.com/app/remember-room-escape-lite/com.dave.dubya.games.remember.lite,1
DeeGee Lite娴忚鍣?,com.deegee.apps.browser,https://play.google.com/store/apps/details?id=com.deegee.apps.browser,0
Degoo Lite: 100 GB Cloud Drive,com.degoo.android.lite,https://www.appbrain.com/app/degoo-lite-100-gb-cloud-drive/com.degoo.android.lite,1
AngleCam Lite - Angular Camera,com.derekr.AngleCam,https://www.appbrain.com/app/anglecam-lite-angular-camera/com.derekr.AngleCam,1
NoteCam Lite - GPS memo camera,com.derekr.NoteCam,https://www.appbrain.com/app/notecam-lite-gps-memo-camera/com.derekr.NoteCam,1
Faster Lite for Facebook - Col ,com.devaipih.fasterliteforfacebookcolorforfacebbok,https://play.google.com/store/apps/details?id=com.devaipih.fasterliteforfacebookcolorforfacebbok,0
Tasty Planet Lite,com.dingogames.tastyplanet1lite,https://www.appbrain.com/app/tasty-planet-lite/com.dingogames.tastyplanet1lite,1
Endless ATC Lite,com.dirgtrats.atcradar,https://www.appbrain.com/app/endless-atc-lite/com.dirgtrats.atcradar,1
Screen Light Table Lamp Lite ,com.display.light.TableLamp.lite,https://play.google.com/store/apps/details?id=com.display.light.TableLamp.lite,1
mydlink Lite,com.dlink.mydlink,https://www.appbrain.com/app/mydlink-lite/com.dlink.mydlink,1
Doel VPN Lite ,com.doelloginvpn.VPN,https://play.google.com/store/apps/details?id=com.doelloginvpn.VPN,1
AppLock Lite,com.domobile.applock.lite,https://www.appbrain.com/app/applock-lite/com.domobile.applock.lite,1
Video lite ,com.don.flashvideoplayer,https://play.google.com/store/apps/details?id=com.don.flashvideoplayer,0
DrawExpress Diagram Lite,com.drawexpress.lite,https://www.appbrain.com/app/drawexpress-diagram-lite/com.drawexpress.lite,1
Dreame Lite,com.dreamelite.reader,https://www.appbrain.com/app/dreame-lite/com.dreamelite.reader,1
BOBO Lite - Group Voice Chat ,com.duiud.couple,https://play.google.com/store/apps/details?id=com.duiud.couple,0
???? Lite,com.duranno.app,https://play.google.com/store/apps/details?id=com.duranno.app,1
File Manager Lite ,com.ea.filemanager,https://play.google.com/store/apps/details?id=com.ea.filemanager,0
Tongits Lite,com.eastudios.tongitslite,https://www.appbrain.com/app/tongits-lite/com.eastudios.tongitslite,1
Applock Lite - 鎸囩汗瀵嗙爜 ,com.eco.applocklite.applock,https://play.google.com/store/apps/details?id=com.eco.applocklite.applock,1
LITT Lite ,com.eisdata.LittLite,https://play.google.com/store/apps/details?id=com.eisdata.LittLite,0
TouchPal Keyboard Lite锛歋maller & Faster & More Fun,com.emoji.keyboard.touchpal.go,https://www.apkmirror.com/apk/touchpal/touchpal-keyboard-for-android-go/,0
Emoji Keyboard Lite,com.emojifamily.emoji.keyboard,https://www.appbrain.com/app/emoji-keyboard-lite/com.emojifamily.emoji.keyboard,0
Josh Lite: Short Videos App,com.eterno.shortvideos.lite,https://www.appbrain.com/app/josh-lite-short-videos-app/com.eterno.shortvideos.lite,1
S Browser Lite : Lightweight ,com.evantogroup.sbrowserlite,https://play.google.com/store/apps/details?id=com.evantogroup.sbrowserlite,1
HTTP Injector Lite (SSH/Proxy) ,com.evozi.injector.lite,https://play.google.com/store/apps/details?id=com.evozi.injector.lite,1
Kiloblocks Lite ,com.explorationbase.ExplorationLite,https://play.google.com/store/apps/details?id=com.explorationbase.ExplorationLite,1
Facebook ,com.facebook.katana,https://play.google.com/store/apps/details?id=com.facebook.katana,0
Facebook Lite ,com.facebook.lite,https://play.google.com/store/apps/details?id=com.facebook.lite,1
Messenger Lite ,com.facebook.mlite,https://play.google.com/store/apps/details?id=com.facebook.mlite,1
Lite for Facebook Lite : Faste ,com.facebooksocialapp.videodownloaderfromfacebookapp,https://play.google.com/store/apps/details?id=com.facebooksocialapp.videodownloaderfromfacebookapp,0
Face Chat Lite ,com.facechatlite.live,https://play.google.com/store/apps/details?id=com.facechatlite.live,0
Facemoji杈撳叆娉曠畝娲佺増 - 琛ㄦ儏绗﹀彿銆丏IY閿洏涓婚 ,com.facemoji.lite.indian,https://play.google.com/store/apps/details?id=com.facemoji.lite.indian,0
Emoji Keyboard Lite-Emoji,com.facemoji.lite.xiaomi.gp,https://www.appbrain.com/app/emoji-keyboard-lite-emoji/com.facemoji.lite.xiaomi.gp,1
Fahrschule.de Lite,com.fahrschule.de,https://www.appbrain.com/app/fahrschule-de-lite/com.fahrschule.de,1
Fast VPN Lite - VPN ,com.fast.fastvpnlite,https://play.google.com/store/apps/details?id=com.fast.fastvpnlite,1
My Boy! Lite,com.fastemulator.gbafree,https://www.appbrain.com/app/my-boy-lite/com.fastemulator.gbafree,1
My OldBoy! Lite,com.fastemulator.gbcfree,https://www.appbrain.com/app/my-oldboy-lite/com.fastemulator.gbcfree,1
MS Office Lite 鎵弿浠簲鐢ㄧ▼搴?,com.fh360.studio.all.documents.reader,https://play.google.com/store/apps/details?id=com.fh360.studio.all.documents.reader,0
Monogram It! Lite,com.firelitstudios.monogram.freemium,https://www.appbrain.com/app/monogram-it-lite/com.firelitstudios.monogram.freemium,1
The Lost City LITE,com.firemaplegames.thelostcityLITE,https://www.apkmirror.com/apk/fire-maple-games/the-lost-city-lite/,1
Dinotes Lite: Write Diary - Jo,com.firemobile.writediary.notes.lite,https://www.appbrain.com/app/dinotes-lite-write-diary-jo/com.firemobile.writediary.notes.lite,1
itemku Lite - Kebutuhan Gaming,com.fivejack.itemku,https://www.appbrain.com/app/itemku-lite-kebutuhan-gaming/com.fivejack.itemku,0
Ultra GPS Logger Lite ,com.flashlight.lite.gps.logger,https://play.google.com/store/apps/details?id=com.flashlight.lite.gps.logger,1
Camera FV-5 Lite ,com.flavionet.android.camera.lite,https://play.google.com/store/apps/details?id=com.flavionet.android.camera.lite,1
Cinema FV-5 Lite ,com.flavionet.android.cinema.lite,https://play.google.com/store/apps/details?id=com.flavionet.android.cinema.lite,1
Classic Notes Lite - Notepad ,com.flufflydelusions.app.enotesclassiclite,https://play.google.com/store/apps/details?id=com.flufflydelusions.app.enotesclassiclite,1
Calendar Widget by Home Agenda Lite,com.franco.agenda.free,https://www.apkmirror.com/apk/francisco-franco/calendar-widget-by-home-agenda-lite-%f0%9f%97%93/,1
Chess Lite ,com.frank.chesslite,https://play.google.com/store/apps/details?id=com.frank.chesslite,0
XOXWin - Lite,com.free.bitcoin.elirof,https://www.appbrain.com/app/xoxwin-lite/com.free.bitcoin.elirof,1
Metronome: Tempo Lite,com.frozenape.tempolite,https://www.appbrain.com/app/metronome-tempo-lite/com.frozenape.tempolite,1
SatFinder Lite - TV Satellites ,com.ftpcafe.satfinder.lite,https://play.google.com/store/apps/details?id=com.ftpcafe.satfinder.lite,1
Flashlight Lite,com.fulminesoftware.flashlightlite,https://play.google.com/store/apps/details?id=com.fulminesoftware.flashlightlite,0
Word Search Lite ,com.fundu.ws,https://play.google.com/store/apps/details?id=com.fundu.ws,0
Gaga Lite ,com.gagalite.live,https://play.google.com/store/apps/details?id=com.gagalite.live,1
Galaxy VPN Lite: Data Security,com.galaxylab.ss.lite,https://play.google.com/store/apps/details?id=com.galaxylab.ss.lite,1
Mega Battles (Lite) ,com.game.battleroyale,https://play.google.com/store/apps/details?id=com.game.battleroyale,0
PUBG LITE GFX Tool - LAG FIX ,com.game.shooter.gfxtool,https://play.google.com/store/apps/details?id=com.game.shooter.gfxtool,0
"Gate Lite: BTC, ETH 鍗冪鍔犲瘑璐у竵浜ゆ槗骞冲彴 ",com.gateio.lite,https://play.google.com/store/apps/details?id=com.gateio.lite,0
SightHD Lite ,com.generalcomp.sighthd,https://play.google.com/store/apps/details?id=com.generalcomp.sighthd,0
Sun Locator Lite (Sun and Moon,com.genewarrior.sunlocator.lite,https://www.appbrain.com/app/sun-locator-lite-sun-and-moon/com.genewarrior.sunlocator.lite,1
Gismeteo lite,com.gismeteo.client,https://www.appbrain.com/app/gismeteo-lite/com.gismeteo.client,1
Recording Studio Lite,com.glaucopercopo.app.recordingstudiolite,https://www.appbrain.com/app/recording-studio-lite/com.glaucopercopo.app.recordingstudiolite,1
GMD GestureControl Lite ?root,com.goodmooddroid.gesturecontroldemo,https://www.apkmirror.com/apk/good-mood-droid/gmd-gesture-control/,0
Files Lite - file manager,com.goodwy.files.lite,https://play.google.com/store/apps/details?id=com.goodwy.files.lite,1
GPS Camera Lite For Location,com.gpsmapcameralite.geotagphotolocation,https://www.appbrain.com/app/gps-camera-lite-for-location/com.gpsmapcameralite.geotagphotolocation,0
GPS Map Camera Lite ,com.gpsmapcamerastamplite.gpsmaplocationstamponphotos,https://play.google.com/store/apps/details?id=com.gpsmapcamerastamplite.gpsmaplocationstamponphotos,0
DroidJoy Gamepad Joystick Lite,com.grill.droidjoy_demo,https://www.appbrain.com/app/droidjoy-gamepad-joystick-lite/com.grill.droidjoy_demo,1
Grindr Lite - Gay chat,com.grindrlite,https://www.apkmirror.com/apk/grindr-llc/grindr-lite-gay-chat/,1
TripView Lite,com.grofsoft.tripview.lite,https://www.appbrain.com/app/tripview-lite/com.grofsoft.tripview.lite,1
iQuran Lite ?丕賱賯乇丕賳 丕賱賰乇賷賲 ,com.guidedways.iQuran,https://play.google.com/store/apps/details?id=com.guidedways.iQuran,1
G-NetTrack Lite,com.gyokovsolutions.gnettracklite,https://www.appbrain.com/app/g-nettrack-lite/com.gyokovsolutions.gnettracklite,1
Raytrace Lite: mirror and lase,com.halfpixelgames.raytrace.laser.puzzle.free,https://www.appbrain.com/app/raytrace-lite-mirror-and-lase/com.halfpixelgames.raytrace.laser.puzzle.free,0
Halo Lite-online video chat ,com.halo.lite,https://play.google.com/store/apps/details?id=com.halo.lite,0
Lite Music Player,com.herman.music,https://play.google.com/store/apps/details?id=com.herman.music,0
Flat Black Lite - Icon Pack ,com.hexoline.flatblacklite,https://play.google.com/store/apps/details?id=com.hexoline.flatblacklite,0
Minimal White Lite - Icon Pack ,com.hexoline.minimalwhitelite,https://play.google.com/store/apps/details?id=com.hexoline.minimalwhitelite,0
Nokia Camera Lite,com.hmdglobal.camera2lite,https://www.apkmirror.com/apk/hmd-global/nokia-camera-lite/,0
VLC Remote Lite,com.hobbyistsoftware.android.vlcremote_usfree,https://www.apkmirror.com/apk/hobbyist-software-ltd/vlc-remote-free/,1
Hormone Horoscope Lite,com.hormonehoroscope.hormonehoroscope,https://www.appbrain.com/app/hormone-horoscope-lite/com.hormonehoroscope.hormonehoroscope,1
Home Remedies (Lite),com.hrfy,https://www.appbrain.com/app/home-remedies-lite/com.hrfy,1
Flight 787 - Advanced - Lite,com.idriscelik.f787lite,https://www.appbrain.com/app/flight-787-advanced-lite/com.idriscelik.f787lite,1
imo Lite -video calls and chat,com.imo.android.imoimlite,https://www.appbrain.com/app/imo-lite-video-calls-and-chat/com.imo.android.imoimlite,1
Pocket Rally LITE,com.IMStudio.PocketRallyLite,https://www.appbrain.com/app/pocket-rally-lite/com.IMStudio.PocketRallyLite,1
Innovel Lite,com.innovel.reader,https://www.appbrain.com/app/innovel-lite/com.innovel.reader,0
Instagram Lite,com.instagram.lite,https://www.appbrain.com/app/instagram-lite/com.instagram.lite,1
Intelbras ISIC Lite,com.intelbras.isiclite,https://www.appbrain.com/app/intelbras-isic-lite/com.intelbras.isiclite,0
Kids Learn to Read Lite ,com.intellijoy.android.reading.free,https://play.google.com/store/apps/details?id=com.intellijoy.android.reading.free,0
Kids Learn to Count 123 (Lite),com.intellijoy.counting.lite,https://play.google.com/store/apps/details?id=com.intellijoy.counting.lite,1
Kids Draw with Shapes Lite ,com.intellijoy.drawwithshapes.lite,https://play.google.com/store/apps/details?id=com.intellijoy.drawwithshapes.lite,1
Kids Kindergarten Math Lite ,com.intellijoy.kids.math.lite,https://play.google.com/store/apps/details?id=com.intellijoy.kids.math.lite,1
Kids Learn Shapes 2 Lite ,com.intellijoy.shapes2.lite,https://play.google.com/store/apps/details?id=com.intellijoy.shapes2.lite,1
Kids Learn to Sort Lite,com.intellijoy.sorting.lite,https://play.google.com/store/apps/details?id=com.intellijoy.sorting.lite,1
Kids Tap and Color (Lite) ,com.intellijoy.tapandcolor.lite,https://play.google.com/store/apps/details?id=com.intellijoy.tapandcolor.lite,1
Internet Speed Meter Lite ,com.internet.speed.meter.lite,https://play.google.com/store/apps/details?id=com.internet.speed.meter.lite,1
Network Speed Meter Lite,com.internetmeter.lite,https://www.appbrain.com/app/network-speed-meter-lite/com.internetmeter.lite,1
Telegram Lite ,com.iramazing.Telegramlite,https://play.google.com/store/apps/details?id=com.iramazing.Telegramlite,1
BoneBox?- Dental Lite,com.iSOFORM.DentalLite,https://www.appbrain.com/app/bonebox%E2%84%A2-dental-lite/com.iSOFORM.DentalLite,0
iStory Lite-Read&Write Stories,com.istory.lite,https://www.appbrain.com/app/istory-lite-read-write-stories/com.istory.lite,1
AppLock Lite ,com.ivymobi.applock.lite,https://play.google.com/store/apps/details?id=com.ivymobi.applock.lite,1
GO Keyboard Lite - Many Theme,com.jb.gokeyboard,https://www.appbrain.com/app/go-keyboard-lite-many-theme/com.jb.gokeyboard,1
Aruppi Lite,com.jeluchu.aruppi,https://www.appbrain.com/app/aruppi-lite/com.jeluchu.aruppi,0
Bangla Keyboard Lite,com.jetbox.bnkeyboard.lite,https://www.appbrain.com/app/bangla-keyboard-lite/com.jetbox.bnkeyboard.lite,1
JioPOS Lite,com.jio.poslite,https://www.appbrain.com/app/jiopos-lite/com.jio.poslite,0
John GBA Lite,com.johnemulators.johngbalite,https://www.appbrain.com/app/john-gba-lite/com.johnemulators.johngbalite,1
John GBC Lite,com.johnemulators.johngbclite,https://www.appbrain.com/app/john-gbc-lite/com.johnemulators.johngbclite,1
Draky LITE!,com.joycogames.vampylite,https://www.appbrain.com/app/draky-lite/com.joycogames.vampylite,1
ROM Toolbox Lite,com.jrummy.liberty.toolbox,https://www.appbrain.com/app/rom-toolbox-lite/com.jrummy.liberty.toolbox,1
"JD Lite - Search, Shop, Travel",com.justdial.jdlite,https://www.appbrain.com/app/jd-lite-search-shop-travel/com.justdial.jdlite,1
Plastic Surgery Simulator Lite,com.kaeriasarl.psslite,https://www.appbrain.com/app/plastic-surgery-simulator-lite/com.kaeriasarl.psslite,1
Edulog Parent Portal Lite ,com.karrostech.parentportallite.android,https://play.google.com/store/apps/details?id=com.karrostech.parentportallite.android,1
Atlantic Fleet Lite,com.killerfishgames.atlanticfleetlite,https://www.appbrain.com/app/atlantic-fleet-lite/com.killerfishgames.atlanticfleetlite,1
LED Blinker Notifications Lite,com.ledblinker,https://www.appbrain.com/app/led-blinker-notifications-lite/com.ledblinker,1
Letschat Lite ,com.letscommunication.chatlite,https://play.google.com/store/apps/details?id=com.letscommunication.chatlite,1
LINE Lite: Free Calls & Messages,com.linecorp.linelite,https://www.apkmirror.com/apk/line-corporation/line-lite/,1
"LinkedIn Lite: Easy Job Search, Jobs & Networking",com.linkedin.android.lite,https://www.apkmirror.com/apk/linkedin/linkedin-lite-1-mb-only-jobs-contacts-news/,1
Litmatch Lite ,com.litatom.lite,https://play.google.com/store/apps/details?id=com.litatom.lite,1
Lite Music ,com.lite.music,https://play.google.com/store/apps/details?id=com.lite.music,0
Mystery Lite ,com.lite.mystery.unlock,https://play.google.com/store/apps/details?id=com.lite.mystery.unlock,0
Lite Messenger for Messages ,com.lite.social.network.allinone,https://play.google.com/store/apps/details?id=com.lite.social.network.allinone,0
Weather Lite - Live Forecast & Alert Channel,com.lite.weather,https://www.apkmirror.com/apk/agile-development-team/weather-lite-live-forecast-alert-channel-2/,0
Facebook Lite & Instagram Lite ,com.litefbwrapper.android,https://play.google.com/store/apps/details?id=com.litefbwrapper.android,0
Tank Recon 2 (Lite),com.lonedwarfgames.tankrecon2,https://www.appbrain.com/app/tank-recon-2-lite/com.lonedwarfgames.tankrecon2,0
Tank Recon 3D (Lite),com.lonedwarfgames.tanks.android,https://www.appbrain.com/app/tank-recon-3d-lite/com.lonedwarfgames.tanks.android,0
FTL Launcher Lite,com.lowveld.ftllauncherlite,https://www.appbrain.com/app/ftl-launcher-lite/com.lowveld.ftllauncherlite,0
Northern Lights Lite (Aurora),com.lucentvisions.wallpapers.NorthernLightsFree,https://www.appbrain.com/app/northern-lights-lite-aurora/com.lucentvisions.wallpapers.NorthernLightsFree,1
Dual Space Lite-Multi Accounts,com.ludashi.superboost,https://play.google.com/store/apps/details?id=com.ludashi.superboost,1
DualSpace Lite - 32Bit Support ,com.ludashi.superboost.addon.arm32,https://play.google.com/store/apps/details?id=com.ludashi.superboost.addon.arm32,1
Ludo Master?Lite - Dice Game ,com.ludo.master.hippo.lite,https://play.google.com/store/apps/details?id=com.ludo.master.hippo.lite,1
Ludo Lite ,com.ludolight.www,https://play.google.com/store/apps/details?id=com.ludolight.www,0
V380 Lite ,com.macrovideo.v380lite,https://play.google.com/store/apps/details?id=com.macrovideo.v380lite,1
Magic Fluids Lite - fluid sim,com.magicfluids.demo,https://www.appbrain.com/app/magic-fluids-lite-fluid-sim/com.magicfluids.demo,1
Materia Medica Lite,com.manutech.mm,https://www.appbrain.com/app/materia-medica-lite/com.manutech.mm,0
Notify Lite for Mi Band ,com.mc.mibandlite1,https://play.google.com/store/apps/details?id=com.mc.mibandlite1,0
Notify Lite for Smartwatches ,com.mc.notify,https://play.google.com/store/apps/details?id=com.mc.notify,1
Solitaire Lite ,com.me2zen.solitaire.lite,https://play.google.com/store/apps/details?id=com.me2zen.solitaire.lite,1
MeetUs Lite-Live Social Chat ,com.meet.uslite,https://play.google.com/store/apps/details?id=com.meet.uslite,1
Al-Quran Lite (2MB) Full Offli ,com.meifa.alquranlite,https://play.google.com/store/apps/details?id=com.meifa.alquranlite,0
mPI Lite ,com.meijer.mobile.ent.mPI,https://play.google.com/store/apps/details?id=com.meijer.mobile.ent.mPI,0
Battery Lite ,com.MelasGR.battery,https://play.google.com/store/apps/details?id=com.MelasGR.battery,0
Messages Lite - Text Messages,com.messages.messaging,https://www.appbrain.com/app/messages-lite-text-messages/com.messages.messaging,1
uCraft Lite,com.methodmobilestudios.Minecraft_Simulator_Free,https://www.appbrain.com/app/ucraft-lite/com.methodmobilestudios.Minecraft_Simulator_Free,1
Manappuram Gold Loan OGL Lite,com.mgc.ogl,https://www.appbrain.com/app/manappuram-gold-loan-ogl-lite/com.mgc.ogl,0
VK Lite - Unofficial,com.michaels.vk_client,https://play.google.com/store/apps/details?id=com.michaels.vk_client,0
"MiChat Lite-Chat, Make Friends",com.michatapp.im.lite,https://www.appbrain.com/app/michat-lite-chat-make-friends/com.michatapp.im.lite,1
Microsoft Outlook Lite ,com.microsoft.outlooklite,https://play.google.com/store/apps/details?id=com.microsoft.outlooklite,1
Closed Area Lite,com.mikron.ClosedArea,https://www.appbrain.com/app/closed-area-lite/com.mikron.ClosedArea,1
Kids Painting (Lite),com.missingames.kids.painting.lite,https://www.appbrain.com/app/kids-painting-lite/com.missingames.kids.painting.lite,0
Kids Music (Lite) ,com.missingames.kidsmusic.lite,https://play.google.com/store/apps/details?id=com.missingames.kidsmusic.lite,0
Cleaner Lite - Free up storage space,com.miui.securitycleaner,https://www.apkmirror.com/apk/xiaomi-inc/cleaner-lite-free-up-storage-space/,0
SCS Lite ,com.mm.android.direct.cspsslite,https://play.google.com/store/apps/details?id=com.mm.android.direct.cspsslite,0
gDMSS HD Lite,com.mm.android.direct.gdmsspadLite,https://www.appbrain.com/app/gdmss-hd-lite/com.mm.android.direct.gdmsspadLite,1
gDMSS Lite,com.mm.android.direct.gdmssphoneLite,https://www.appbrain.com/app/gdmss-lite/com.mm.android.direct.gdmssphoneLite,1
KBVIEW Lite ,com.mm.android.direct.KBVISIONLite,https://play.google.com/store/apps/details?id=com.mm.android.direct.KBVISIONLite,1
Lite Cleaner ,com.mob.cleaner.space.lite,https://play.google.com/store/apps/details?id=com.mob.cleaner.space.lite,0
"Azan Time Lite, Qiblah,Ramadan",com.mobilexsoft.ezanvaktilite,https://www.appbrain.com/app/azan-time-lite-qiblah-ramadan/com.mobilexsoft.ezanvaktilite,0
SimpleMind Lite - Mind Mapping,com.modelmakertools.simplemindfree,https://www.appbrain.com/app/simplemind-lite-mind-mapping/com.modelmakertools.simplemindfree,1
Exploration Lite Craft,com.mousemobile.explorationcraft,https://www.appbrain.com/app/exploration-lite-craft/com.mousemobile.explorationcraft,0
ChatU Lite - Live Video Chat ,com.mumuchatulite.live,https://play.google.com/store/apps/details?id=com.mumuchatulite.live,1
PDF Lite - Simple PDF reader ,com.mx.apps.tool.pdflite,https://play.google.com/store/apps/details?id=com.mx.apps.tool.pdflite,1
Share It Lite ,com.my.share.lite,https://play.google.com/store/apps/details?id=com.my.share.lite,0
My11Circle Lite Fantasy App,com.my11circle1.android,https://www.appbrain.com/app/my11circle-lite-fantasy-app/com.my11circle1.android,0
Messenger Lite - SMS Launcher ,com.myhomescreen.messenger.home.emoji.lite,https://play.google.com/store/apps/details?id=com.myhomescreen.messenger.home.emoji.lite,0
Flight Lite,com.natewren.flightlite,https://play.google.com/store/apps/details?id=com.natewren.flightlite,0
Flama + Lite ,com.naturalplaypro.naturalplayproiptvbox,https://play.google.com/store/apps/details?id=com.naturalplaypro.naturalplayproiptvbox,0
"4Fun Lite-Group Chat, Go Live ",com.nebula.mamu.lite,https://play.google.com/store/apps/details?id=com.nebula.mamu.lite,0
NE-Lite ,com.nelitegame.nelitegame,https://play.google.com/store/apps/details?id=com.nelitegame.nelitegame,0
Cyber Hunter Lite,com.netease.lztglite,https://www.appbrain.com/app/cyber-hunter-lite/com.netease.lztglite,1
Network Ping Lite ,com.network.ping.lite,https://play.google.com/store/apps/details?id=com.network.ping.lite,0
Moj Lite +,com.next.innovation.takatak,https://www.appbrain.com/app/moj-lite/com.next.innovation.takatak,1
MX Takatak Lite,com.next.innovation.takatak.lite,https://www.appbrain.com/app/mx-takatak-lite/com.next.innovation.takatak.lite,0
Lite Bright - Light By Numbers ,com.nexttecgamesstudios.lite.brite.light.by.letters.numbers.game,https://play.google.com/store/apps/details?id=com.nexttecgamesstudios.lite.brite.light.by.letters.numbers.game,0
PocketGrib Lite,com.nickobrennan.pocketgrib.free,https://www.appbrain.com/app/pocketgrib-lite/com.nickobrennan.pocketgrib.free,1
NoCard VPN Lite - VPN Proxy ,com.nocardteam.nocardvpn.lite,https://play.google.com/store/apps/details?id=com.nocardteam.nocardvpn.lite,1
Noizz Lite: music video maker,com.noizz.noizz,https://www.appbrain.com/app/noizz-lite-music-video-maker/com.noizz.noizz,1
Discovery LITE ,com.noowanda.discoverylite,https://play.google.com/store/apps/details?id=com.noowanda.discoverylite,0
Earn to Die Lite,com.notdoppler.earntodielite,https://www.appbrain.com/app/earn-to-die-lite/com.notdoppler.earntodielite,1
Smarters Player Lite ,com.nst.smartersplayer,https://play.google.com/store/apps/details?id=com.nst.smartersplayer,0
King of Math Jr - Lite,com.oddrobo.komjfree,https://www.appbrain.com/app/king-of-math-jr-lite/com.oddrobo.komjfree,1
锟斤拷锟捷екэ拷锟斤拷擐讧?Lite,com.official.electronics.lite,https://www.appbrain.com/app/%D1%8D%D0%BB%D0%B5%D0%BA%D1%82%D1%80%D0%BE%D0%BD%D0%B8%D0%BA-lite/com.official.electronics.lite,1
Ola Lite: Lighter Faster Ola A,com.olacabs.lite,https://www.appbrain.com/app/ola-lite-lighter-faster-ola-a/com.olacabs.lite,1
OLOW Lite VPN - Secure Proxy,com.olovpn.app_qa,https://www.appbrain.com/app/olow-lite-vpn-secure-proxy/com.olovpn.app_qa,1
"Opera News Lite - Less Data, M ",com.opera.app.newslite,https://play.google.com/store/apps/details?id=com.opera.app.newslite,1
GeoPosicion Lite ,com.orbitalmotion.geoposicion,https://play.google.com/store/apps/details?id=com.orbitalmotion.geoposicion,1
OYO Lite: Find Best Hotels & B ,com.oyo.consumerlite,https://play.google.com/store/apps/details?id=com.oyo.consumerlite,1
Lite Scores - Resultados de F煤 ,com.panchicore.aquehorajuega,https://play.google.com/store/apps/details?id=com.panchicore.aquehorajuega,0
PandaVPN Lite - Easy To Use,com.pandavpnfree.androidproxy,https://www.appbrain.com/app/pandavpn-lite-easy-to-use/com.pandavpnfree.androidproxy,1
Parallel Space Lite锟斤拷Dual App,com.parallel.space.lite,https://play.google.com/store/apps/details?id=com.parallel.space.lite,1
Parallel Space Lite 32 Support ,com.parallel.space.lite.arm32,https://play.google.com/store/apps/details?id=com.parallel.space.lite.arm32,1
Parallel Space Lite 64 Support ,com.parallel.space.lite.arm64,https://play.google.com/store/apps/details?id=com.parallel.space.lite.arm64,1
Al-Moazin Lite (Prayer Times),com.parfield.prayers.lite,https://www.appbrain.com/app/al-moazin-lite-prayer-times/com.parfield.prayers.lite,0
Parking Challenge 3D [LITE],com.parkingchallenge.dualcarbon,https://www.appbrain.com/app/parking-challenge-3d-%5Blite%5D/com.parkingchallenge.dualcarbon,1
PDF Viewer Lite - PDF Reader ,com.pdf.reader.lite,https://play.google.com/store/apps/details?id=com.pdf.reader.lite,1
PDF Reader Lite - PDF Viewer ,com.pdf.viewer.document.pdfreader,https://play.google.com/store/apps/details?id=com.pdf.viewer.document.pdfreader,0
Cameringo Lite. Filters Camera,com.perracolabs.cpd,https://www.appbrain.com/app/cameringo-lite-filters-camera/com.perracolabs.cpd,1
U Launcher lite-闅愯棌鍥炬爣 ,com.phone.launcher.lite,https://play.google.com/store/apps/details?id=com.phone.launcher.lite,1
PhotoGrid Lite: Photo Collage Maker & Photo Editor,com.photogrid.lite,https://www.apkmirror.com/apk/cheetah-mobile-photo-editor/photogrid-lite-photo-collage-maker-photo-editor-2/,0
PickU Lite ,com.picku.lite.chat,https://play.google.com/store/apps/details?id=com.picku.lite.chat,1
Picsart Lite: Photo Editor,com.picsart.studio.light,https://www.appbrain.com/app/picsart-lite-photo-editor/com.picsart.studio.light,1
Camera360 Lite -Stylish Filter ,com.pinguo.camera360lite,https://play.google.com/store/apps/details?id=com.pinguo.camera360lite,1
Pinterest Lite,com.pinterest.lite,https://www.apkmirror.com/apk/pinterest-inc/pinterest-lite-3/,1
Pinterest Lite ,com.pinterest.twa,https://play.google.com/store/apps/details?id=com.pinterest.twa,1
Kito Lite ,com.pita.kitolite,https://play.google.com/store/apps/details?id=com.pita.kitolite,0
Reventure Lite,com.Pixelatto.ReventureFree,https://www.appbrain.com/app/reventure-lite/com.Pixelatto.ReventureFree,1
Bad Trucker [Lite] ,com.POLOSKUN.BestTrucker,https://play.google.com/store/apps/details?id=com.POLOSKUN.BestTrucker,0
ClassicBoy Lite Games Emulator,com.portableandroid.classicboyLite,https://www.appbrain.com/app/classicboy-lite-games-emulator/com.portableandroid.classicboyLite,1
Files Lite Small App ,com.pranavpandey.smallapp.files.lite,https://play.google.com/store/apps/details?id=com.pranavpandey.smallapp.files.lite,1
Torch Lite Small App ,com.pranavpandey.smallapp.torch.lite,https://play.google.com/store/apps/details?id=com.pranavpandey.smallapp.torch.lite,0
CDisplayEx Comic Reader Lite,com.progdigy.cdisplay.free,https://www.appbrain.com/app/cdisplayex-comic-reader-lite/com.progdigy.cdisplay.free,1
Pacific Fleet Lite,com.psidevelopment.pacificfleetlite,https://www.appbrain.com/app/pacific-fleet-lite/com.psidevelopment.pacificfleetlite,1
"Safe Security Lite - Booster, Cleaner, AppLock",com.qihoo.security.lite,https://www.apkmirror.com/apk/mobimagicdevelop/360-security-lite-booster-cleaner-applock/,0
City Racing Lite ,com.racergame.cityracinglite.free,https://play.google.com/store/apps/details?id=com.racergame.cityracinglite.free,1
Rarevision VHS Camcorder Lite,com.rarevision.vhscamlite,https://www.appbrain.com/app/rarevision-vhs-camcorder-lite/com.rarevision.vhscamlite,1
Sun Surveyor Lite,com.ratana.sunsurveyorlite,https://www.appbrain.com/app/sun-surveyor-lite/com.ratana.sunsurveyorlite,1
"voice navigator ""IGH"" LITE",com.raus.i_m_going_home.lite,https://www.appbrain.com/app/voice-navigator-igh-lite/com.raus.i_m_going_home.lite,0
IP Cam Viewer Lite,com.rcreations.ipcamviewer,https://www.appbrain.com/app/ip-cam-viewer-lite/com.rcreations.ipcamviewer,1
Real Drift Car Racing Lite,com.realdriftportnew.sipon,https://www.appbrain.com/app/real-drift-car-racing-lite/com.realdriftportnew.sipon,1
RealU Lite - 瀹炴椂瑙嗛閫氳瘽?,com.realu.lite.dating,https://play.google.com/store/apps/details?id=com.realu.lite.dating,1
Vegas Pool Sharks Lite,com.resetgame.vegaspool,https://www.appbrain.com/app/vegas-pool-sharks-lite/com.resetgame.vegaspool,1
Mode Lite ,com.rewardapp.winpricers,https://play.google.com/store/apps/details?id=com.rewardapp.winpricers,0
Adventure Bar Story LITE,com.rideon.sakaba_eng_free,https://www.appbrain.com/app/adventure-bar-story-lite/com.rideon.sakaba_eng_free,1
Geometry Dash Lite ,com.robtopx.geometryjumplite,https://play.google.com/store/apps/details?id=com.robtopx.geometryjumplite,1
Big Dino Fishing 3D Lite,com.rocketmind.dinofishing,https://www.appbrain.com/app/big-dino-fishing-3d-lite/com.rocketmind.dinofishing,1
Big Sport Fishing 3D Lite,com.rocketmind.fishing,https://www.appbrain.com/app/big-sport-fishing-3d-lite/com.rocketmind.fishing,1
Big Night Fishing 3D Lite,com.rocketmind.nightfishing,https://www.appbrain.com/app/big-night-fishing-3d-lite/com.rocketmind.nightfishing,0
Big River Fishing 3D Lite,com.rocketmind.riverfishing,https://www.appbrain.com/app/big-river-fishing-3d-lite/com.rocketmind.riverfishing,1
AVG Cleaner Lite ,com.s.cleaner,https://play.google.com/store/apps/details?id=com.s.cleaner,1
Samsung Editor Lite,com.samsung.app.newtrim,https://www.apkmirror.com/apk/samsung-electronics-co-ltd/samsung-video-trimmer/,0
Pakbond Lite - Bond Checker,com.saqibsoftwares.pakbondlite,https://www.appbrain.com/app/pakbond-lite-bond-checker/com.saqibsoftwares.pakbondlite,0
My Child Lebensborn LITE,com.Sarepta.MyChild,https://www.appbrain.com/app/my-child-lebensborn-lite/com.Sarepta.MyChild,1
Solitaire Lite ,com.sauceapp.solitaire.lite.klondike,https://play.google.com/store/apps/details?id=com.sauceapp.solitaire.lite.klondike,0
Yono Lite SBI - Mobile Banking,com.sbi.SBIFreedomPlus,https://www.appbrain.com/app/yono-lite-sbi-mobile-banking/com.sbi.SBIFreedomPlus,1
ScanBizCards Lite - Business C,com.scanbizcards,https://www.appbrain.com/app/scanbizcards-lite-business-c/com.scanbizcards,1
Who Lite - Video chat now ,com.scorp.wholite,https://play.google.com/store/apps/details?id=com.scorp.wholite,1
"Social Lite for Facebook, Inst ",com.scriptrepublic.sociallite,https://play.google.com/store/apps/details?id=com.scriptrepublic.sociallite,0
Rebaixados Elite Brasil Lite,com.sebby.reblite,https://www.appbrain.com/app/rebaixados-elite-brasil-lite/com.sebby.reblite,1
Samsung Internet Lite/Go,com.sec.android.app.sbrowser.lite,https://www.apkmirror.com/apk/samsung-electronics-co-ltd/samsung-internet-lite-go/,1
"Lite Photo: Image Compressor, ",com.selfmentor.compressphoto,https://play.google.com/store/apps/details?id=com.selfmentor.compressphoto,0
Shazam Lite - Discover Music,com.shazam.android.lite,https://www.apkmirror.com/apk/shazam-entertainment-limited/shazam-lite-discover-music/,1
Home Budget Manager Lite With,com.siri.budgetdemo,https://www.appbrain.com/app/home-budget-manager-lite-with/com.siri.budgetdemo,1
Skype Lite - Free Video Call & Chat,com.skype.m2,https://www.apkmirror.com/apk/skype/skype-lite/,1
Xiaomi Mi Watch Lite ,com.smartwatch.xiaomimi.watcheslite,https://play.google.com/store/apps/details?id=com.smartwatch.xiaomimi.watcheslite,0
Snake Lite,com.snake.io.slither.worms,https://www.appbrain.com/app/snake-lite/com.snake.io.slither.worms,0
Social Lite ,com.social.lite,https://play.google.com/store/apps/details?id=com.social.lite,0
Lawgivers LITE,com.SomniumSoft.LawsofCivilization,https://www.appbrain.com/app/lawgivers-lite/com.SomniumSoft.LawsofCivilization,1
Spotify Lite,com.spotify.lite,https://www.appbrain.com/app/spotify-lite/com.spotify.lite,1
"TopBuzz Lite: Breaking News, Funny Videos & More",com.ss.android.article.topbuzzlite.en,https://www.apkmirror.com/apk/topbuzz/topbuzz-lite-breaking-news-funny-videos-more/,0
Vigo Lite - Download Status Videos & Share,com.ss.android.ugc.boomlite,https://www.apkmirror.com/apk/tiktok-pte-ltd-2/vigo-lite-download-status-videos-share/,0
TikTok Lite - deprecated,com.ss.android.ugc.trill.go,https://www.appbrain.com/app/tiktok-lite-deprecated/com.ss.android.ugc.trill.go,1
StarMaker Lite: 鍗℃媺OK锛屽敱鐑棬姝屾洸 ,com.starmakerinteractive.thevoice,https://play.google.com/store/apps/details?id=com.starmakerinteractive.thevoice,1
Flashlight Lite ,com.stefanov2081.flashlightLite,https://play.google.com/store/apps/details?id=com.stefanov2081.flashlightLite,0
Cashier IREAP POS LITE,com.sterling.ireap,https://www.appbrain.com/app/cashier-ireap-pos-lite/com.sterling.ireap,0
Blackthorn Castle 2 Lite ,com.syntaxity.blackthorncastle2iap,https://play.google.com/store/apps/details?id=com.syntaxity.blackthorncastle2iap,1
SkyView庐 Lite,com.t11.skyviewfree,https://www.appbrain.com/app/skyview%C2%AE-lite/com.t11.skyviewfree,1
TapTap Lite ,com.taptap.global.lite,https://play.google.com/store/apps/details?id=com.taptap.global.lite,0
Pomodoro Timer Lite ,com.tatkovlab.pomodorolite,https://play.google.com/store/apps/details?id=com.tatkovlab.pomodorolite,1
Calendar Lite,com.tct.calendar,https://www.apkmirror.com/apk/mie-alcatel-support/calendar-lite/,0
TrueID Lite: Free Live TV App,com.tdcm.htv,https://www.appbrain.com/app/trueid-lite-free-live-tv-app/com.tdcm.htv,1
Crossword Lite ,com.teazel.crossword.lite,https://play.google.com/store/apps/details?id=com.teazel.crossword.lite,1
Social Media Lite ,com.techjd.insta_fb_twitterlite,https://play.google.com/store/apps/details?id=com.techjd.insta_fb_twitterlite,0
Tele Messenger Lite ,com.tele.messenger.lite,https://play.google.com/store/apps/details?id=com.tele.messenger.lite,0
PUBG MOBILE LITE,com.tencent.iglite,https://www.appbrain.com/app/pubg-mobile-lite/com.tencent.iglite,1
Thunder VPN Lite ,com.thundervpn.free.proxy,https://play.google.com/store/apps/details?id=com.thundervpn.free.proxy,0
Tinder Lite ,com.tinder.tinderlite,https://play.google.com/store/apps/details?id=com.tinder.tinderlite,1
GPS Arrow Navigator LITE,com.tinusapps.gpsarrowlite,https://www.appbrain.com/app/gps-arrow-navigator-lite/com.tinusapps.gpsarrowlite,1
White Noise Lite,com.tmsoft.whitenoise.lite,https://www.appbrain.com/app/white-noise-lite/com.tmsoft.whitenoise.lite,0
Lite Beauty Camera ,com.tod.litebeeutycamera,https://play.google.com/store/apps/details?id=com.tod.litebeeutycamera,0
Total Cleaner Lite 鈥?clean all ,com.totalcleanerlite.android,https://play.google.com/store/apps/details?id=com.totalcleanerlite.android,0
Duty Driver City LITE,com.trendygames.DutyDriverCityLITE,https://www.appbrain.com/app/duty-driver-city-lite/com.trendygames.DutyDriverCityLITE,0
Jet Car Stunts Lite ,com.trueaxis.jetcarstuntslite,https://play.google.com/store/apps/details?id=com.trueaxis.jetcarstuntslite,1
Wang VPN Lite - Fresh Simple,com.trustyourself,https://play.google.com/store/apps/details?id=com.trustyourself,1
MyTelkomsel Lite ?Check Quota,com.tsel.telkomselku,https://www.appbrain.com/app/mytelkomsel-lite-check-quota/com.tsel.telkomselku,1
107.9 LITE-FM (KXLT) ,com.tsm.litefm1079,https://play.google.com/store/apps/details?id=com.tsm.litefm1079,0
Tune!It Lite ,com.tuneit.tuneitlite,https://play.google.com/store/apps/details?id=com.tuneit.tuneitlite,1
Apk Extractor Lite,com.tutorialsface.apkextractorlite,https://www.apkmirror.com/apk/bestfreeappsforall/apk-extractor-lite/,0
Twitter Lite,com.twitter.android.lite,https://www.appbrain.com/app/twitter-lite/com.twitter.android.lite,1
2Date Lite 浜ゅ弸绾︿細骞冲彴 鐖辨儏鎭嬬埍閰嶅 ,com.twodate.app,https://play.google.com/store/apps/details?id=com.twodate.app,0
Uber Lite,com.ubercab.uberlite,https://www.appbrain.com/app/uber-lite/com.ubercab.uberlite,1
Lite Uptodown App Store,com.uptodown.lite,https://www.apkmirror.com/apk/uptodown-technologies-sl/lite-uptodown-app-store/,0
Wakelock Detector [LITE],com.uzumapps.wakelockdetector.noroot,https://www.apkmirror.com/apk/uzumapps/wakelock-detector-lite/,0
Vala Lite ,com.valalite.chat,https://play.google.com/store/apps/details?id=com.valalite.chat,1
Radardroid Lite International,com.ventel.android.radardroid.lite,https://www.appbrain.com/app/radardroid-lite-international/com.ventel.android.radardroid.lite,1
PUBG LITE GFX TOOL - PRO GFX ,com.vip.tool.thor.op,https://play.google.com/store/apps/details?id=com.vip.tool.thor.op,0
Lux Lite,com.vitocassisi.luxlite,https://www.apkmirror.com/apk/vito-cassisi/lux-lite/,0
Solar Walk Lite Planetarium 3D,com.vitotechnology.SolarWalkLite,https://www.appbrain.com/app/solar-walk-lite-planetarium-3d/com.vitotechnology.SolarWalkLite,1
"Voice GPS, Directions - Lite",com.voice.gps.driving.directions.lite,https://www.appbrain.com/app/voice-gps-directions-lite/com.voice.gps.driving.directions.lite,1
Whats Web Scan Lite ,com.vvek.whtswebsaver,https://play.google.com/store/apps/details?id=com.vvek.whtswebsaver,0
Chat Telgram Lite ,com.wChatTelegramApp_13886243,https://play.google.com/store/apps/details?id=com.wChatTelegramApp_13886243,1
Home Sweet Garfield LW Lite,com.webprancer.google.homesweetgarfieldfree,https://www.appbrain.com/app/home-sweet-garfield-lw-lite/com.webprancer.google.homesweetgarfieldfree,0
WebMaster's HTML Editor Lite,com.welant.webmaster.DEMO,https://www.appbrain.com/app/webmasters-html-editor-lite/com.welant.webmaster.DEMO,1
Whim Lite - Podcasts ,com.whimmusic2018.android,https://play.google.com/store/apps/details?id=com.whimmusic2018.android,0
Fast Share Lite - File Share & ,com.wifi.fastshare.lite,https://play.google.com/store/apps/details?id=com.wifi.fastshare.lite,1
Light Meter - Lite ,com.willblaschko.android.lightmeterv2.free,https://play.google.com/store/apps/details?id=com.willblaschko.android.lightmeterv2.free,0
Network Cell Info Lite & Wifi,com.wilysis.cellinfolite,https://www.appbrain.com/app/network-cell-info-lite-wifi/com.wilysis.cellinfolite,1
Messenger lite ,com.wMessenger_15856760,https://play.google.com/store/apps/details?id=com.wMessenger_15856760,1
Messenger lite ,com.wMessenger_15856766,https://play.google.com/store/apps/details?id=com.wMessenger_15856766,1
Filmora Lite ?Video editor,com.wondershare.filmoragolite,https://www.appbrain.com/app/filmora-lite-video-editor/com.wondershare.filmoragolite,1
Bliss Lite - Live video chat ,com.woolookme.woolite.app,https://play.google.com/store/apps/details?id=com.woolookme.woolite.app,1
Theme for Huawei P10 Lite ,com.worldllc.huawei.p10lite.theme.launcher.android.hd.wallpaper,https://play.google.com/store/apps/details?id=com.worldllc.huawei.p10lite.theme.launcher.android.hd.wallpaper,0
Theme for Galaxy Note 10 Lite ,com.worldllc.samsung.galaxy.note10lite.launcher.android.android.wallpaper,https://play.google.com/store/apps/details?id=com.worldllc.samsung.galaxy.note10lite.launcher.android.android.wallpaper,0
Muaah Lite - Live Video Chat ,com.xdl.muaahlite,https://play.google.com/store/apps/details?id=com.xdl.muaahlite,1
Music Studio Lite ,com.xewton.musicstudiolite,https://play.google.com/store/apps/details?id=com.xewton.musicstudiolite,1
"Mi AI (Xiao Ai Lite, 灏忕埍鍚屽)",com.xiaomi.xiaoailite,https://www.apkmirror.com/apk/xiaomi/mi-ai-xiao-ai-lite-%e5%b0%8f%e7%88%b1%e5%90%8c%e5%ad%a6/,1
"Yahoo Lite - News, Mail, Sports",com.yahoo.www.twa,https://www.apkmirror.com/apk/yahoo/yahoo-lite-news-mail-sports/,1
Yalla Lite - Group Voice Chat ,com.yalla.yallalite,https://play.google.com/store/apps/details?id=com.yalla.yallalite,1
Yandex.Browser Lite,com.yandex.browser.lite,https://www.appbrain.com/app/yandex-browser-lite/com.yandex.browser.lite,1
Yango Lite: light taxi app,com.yango.lite,https://www.appbrain.com/app/yango-lite-light-taxi-app/com.yango.lite,1
Yiyo Lite ,com.yiyolite.android,https://play.google.com/store/apps/details?id=com.yiyolite.android,1
TikTok Lite,com.zhiliaoapp.musically.go,https://www.appbrain.com/app/tiktok-lite/com.zhiliaoapp.musically.go,1
ForX Browser Lite ,com.zimax.forxbrowser,https://play.google.com/store/apps/details?id=com.zimax.forxbrowser,0
Book Lite ,com.zomato.booklitereact,https://play.google.com/store/apps/details?id=com.zomato.booklitereact,0
Zordo Browser - Lite & Fast ,com.zordo.browser,https://play.google.com/store/apps/details?id=com.zordo.browser,0
Windguru Lite,cz.windguru.wgapp,https://www.appbrain.com/app/windguru-lite/cz.windguru.wgapp,1
Pushy LITE,de.fk.android.pushylite,https://www.appbrain.com/app/pushy-lite/de.fk.android.pushylite,0
RecForge Lite - Audio Recorder ,dje073.android.audiorecorderlite,https://play.google.com/store/apps/details?id=dje073.android.audiorecorderlite,1
Mocha Ping Lite ,dk.mochasoft.mochapinglite,https://play.google.com/store/apps/details?id=dk.mochasoft.mochapinglite,1
Mobile ODIN Lite,eu.chainfire.mobileodin.lite,https://www.apkmirror.com/apk/chainfire/mobile-odin-lite/,1
Guide For Chat Tips App ,franciska.videoliteto,https://play.google.com/store/apps/details?id=franciska.videoliteto,0
Pronet Lite ,free.uae.kplpronet.vpn,https://play.google.com/store/apps/details?id=free.uae.kplpronet.vpn,0
Secure VPN Proxy Master Lite ,free.vpn.unblock.fast.proxy.vpn.master.pro.lite,https://play.google.com/store/apps/details?id=free.vpn.unblock.fast.proxy.vpn.master.pro.lite,1
Turbo VPN Lite - VPN Proxy ,free.vpn.unblock.proxy.turbovpn.lite,https://play.google.com/store/apps/details?id=free.vpn.unblock.proxy.turbovpn.lite,1
Lite for WhatsApp-Lite Open ,gb.lite.newapp.liteforwhats,https://play.google.com/store/apps/details?id=gb.lite.newapp.liteforwhats,0
Notes Lite Locker : Password P,goodproductssoft.com.notelite,https://www.appbrain.com/app/notes-lite-locker-password-p/goodproductssoft.com.notelite,0
Doom & Destiny Lite,hb.doom_and_destiny_free,https://www.appbrain.com/app/doom-destiny-lite/hb.doom_and_destiny_free,1
tTorrent Lite - Torrent Client,hu.tagsoft.ttorrent.lite,https://www.appbrain.com/app/ttorrent-lite-torrent-client/hu.tagsoft.ttorrent.lite,1
Theme for P10 Lite HD ,huawei.p10.lite.p10lite.p10plus.nexus.p9.p8.nova.mate9.pro.plus.galaxys8.theme.launcher,https://play.google.com/store/apps/details?id=huawei.p10.lite.p10lite.p10plus.nexus.p9.p8.nova.mate9.pro.plus.galaxys8.theme.launcher,0
Theme for P8 Lite HD Wallpaper,huawei.p8.lite.p10.plus.p10plus.p10lite.nexus.p9.nova.mate9.pro.galaxys8.theme.launcher,https://www.appbrain.com/app/theme-for-p8-lite-hd-wallpaper/huawei.p8.lite.p10.plus.p10plus.p10lite.nexus.p9.nova.mate9.pro.galaxys8.theme.launcher,0
"1DM Lite: Video, Torrent Downl",idm.internet.download.manager.adm.lite,https://www.appbrain.com/app/1dm-lite-video-torrent-downl/idm.internet.download.manager.adm.lite,1
Battery Booster Lite,imoblife.batterybooster,https://www.appbrain.com/app/battery-booster-lite/imoblife.batterybooster,0
Image Compressor Lite | Kb&Mb ,in.dfeverx.imagecompression,https://play.google.com/store/apps/details?id=in.dfeverx.imagecompression,0
ShareChat Lite,in.mohalla.sharechatlite,https://www.appbrain.com/app/sharechat-lite/in.mohalla.sharechatlite,1
Moj Lite,in.mohalla.video.lite,https://www.appbrain.com/app/moj-lite/in.mohalla.video.lite,1
F18 Carrier Landing Lite,it.rortos.f18carrierlandinglite,https://www.appbrain.com/app/f18-carrier-landing-lite/it.rortos.f18carrierlandinglite,0
LitePass: to the Lite version!,it.skateivdeveloper.litepass,https://www.apkmirror.com/apk/nicolas-bonazza/litepass-to-the-lite-version/,0
Read4Me Lite Notifies messages,it.smartapps4me.read4me,https://www.apkmirror.com/apk/smartapps4me/read4me-lite-notifies-messages/,1
Smart Control Lite OBD,it.smartapps4me.smartcontrol,https://www.apkmirror.com/apk/smartapps4me/smart-control-lite-obd/,1
TrueFish Lite,it.truefish.lite,https://www.appbrain.com/app/truefish-lite/it.truefish.lite,1
Solitaire V Lite,jp.co.projapan.solitairel,https://www.appbrain.com/app/solitaire-v-lite/jp.co.projapan.solitairel,0
Kanazawa Shogi Lite (Japanese,jp.co.unbalance.AnKShogiLite,https://www.appbrain.com/app/kanazawa-shogi-lite-japanese/jp.co.unbalance.AnKShogiLite,0
A-Tuner Lite ,jp.nokubi.nobapp.atuner.basic,https://play.google.com/store/apps/details?id=jp.nokubi.nobapp.atuner.basic,1
Tigers of the Pacific Lite,kalloc.android.TopLite,https://www.appbrain.com/app/tigers-of-the-pacific-lite/kalloc.android.TopLite,1
"CLite, Friend Dating Finder ",lite.catchpersonals.dating,https://play.google.com/store/apps/details?id=lite.catchpersonals.dating,0
CryptoTab Lite ?Get Bitcoin i,lite.cryptotab.android,https://www.appbrain.com/app/cryptotab-lite-get-bitcoin-i/lite.cryptotab.android,1
EC Tunnel LITE - Unlimited VPN ,lite.entclass.vpn,https://play.google.com/store/apps/details?id=lite.entclass.vpn,1
Phiexpe Lite VPN ,lite.vpnssh.phiexpe,https://play.google.com/store/apps/details?id=lite.vpnssh.phiexpe,0
Helakuru Lite - Keyboard Only,lk.bhasha.helakuru.lite,https://www.appbrain.com/app/helakuru-lite-keyboard-only/lk.bhasha.helakuru.lite,1
Theme for Huawei P8 Lite ,lm.huawei.p8.mate9.honor.nova.lite.theme.launcher,https://play.google.com/store/apps/details?id=lm.huawei.p8.mate9.honor.nova.lite.theme.launcher,0
UT Loop Lite: Unlimited VPN ,loop.uchetechs.vpn,https://play.google.com/store/apps/details?id=loop.uchetechs.vpn,1
Omega Lite - Live Video Chat ,ly.omegle.android.lite,https://play.google.com/store/apps/details?id=ly.omegle.android.lite,1
Music Player MP3 (Lite),mbinc12.mb32b,https://play.google.com/store/apps/details?id=mbinc12.mb32b,1
Video Player Lite ,media.videoplayer.lite,https://play.google.com/store/apps/details?id=media.videoplayer.lite,0
Messenger Lite ,messenger.text.now,https://play.google.com/store/apps/details?id=messenger.text.now,1
"Messenger Lite: Color SMS, MMS ",mms.sms.messages.text.free,https://play.google.com/store/apps/details?id=mms.sms.messages.text.free,0
PORTABLE SOCCER DX Lite,net.chobin.android.psdxlite,https://www.appbrain.com/app/portable-soccer-dx-lite/net.chobin.android.psdxlite,1
Defense Zone HD Lite,net.defensezone.lite,https://www.appbrain.com/app/defense-zone-hd-lite/net.defensezone.lite,1
Defense Zone 2 HD Lite,net.defensezone2.lite,https://www.appbrain.com/app/defense-zone-2-hd-lite/net.defensezone2.lite,1
Dungeon Village Lite,net.kairosoft.android.bouken_enL,https://www.appbrain.com/app/dungeon-village-lite/net.kairosoft.android.bouken_enL,0
World Cruise Story Lite,net.kairosoft.android.cruise_enL,https://www.appbrain.com/app/world-cruise-story-lite/net.kairosoft.android.cruise_enL,0
Mega Mall Story Lite,net.kairosoft.android.depart_enL,https://www.appbrain.com/app/mega-mall-story-lite/net.kairosoft.android.depart_enL,0
Game Dev Story Lite,net.kairosoft.android.gamedev3enL,https://www.appbrain.com/app/game-dev-story-lite/net.kairosoft.android.gamedev3enL,1
Hot Springs Story Lite,net.kairosoft.android.onsen_enL,https://www.appbrain.com/app/hot-springs-story-lite/net.kairosoft.android.onsen_enL,0
Pocket Academy Lite,net.kairosoft.android.school2_enL,https://www.appbrain.com/app/pocket-academy-lite/net.kairosoft.android.school2_enL,0
Lite Browser VPN Proxy Browser,net.litebrowser,https://www.appbrain.com/app/lite-browser-vpn-proxy-browser/net.litebrowser,0
Moon Phases Lite ,net.omphalos,https://play.google.com/store/apps/details?id=net.omphalos,0
Tweecha Lite for Twitter: Pres,net.sinproject.android.tweecha.lite,https://www.appbrain.com/app/tweecha-lite-for-twitter-pres/net.sinproject.android.tweecha.lite,0
Txiicha Lite for Twitter: Best ,net.sinproject.android.txiicha.free,https://play.google.com/store/apps/details?id=net.sinproject.android.txiicha.free,0
24clan VPN Lite SSH TUNNEL VPN ,net.tcodes.vpn,https://play.google.com/store/apps/details?id=net.tcodes.vpn,1
Lemo Lite ,net.vostic.android,https://play.google.com/store/apps/details?id=net.vostic.android,1
APY and NPS Lite by Protean,nsdl.npslite,https://www.apkmirror.com/apk/nsdl-e-governance-infrastructure-limited/apy-and-nps-lite/,0
3D Rose Live Wallpaper Lite,org.androidworks.livewallpaperrosefree,https://www.appbrain.com/app/3d-rose-live-wallpaper-lite/org.androidworks.livewallpaperrosefree,0
Hackuna Lite ,org.cryptors.hackunalite,https://play.google.com/store/apps/details?id=org.cryptors.hackunalite,1
Lite Launcher ,org.litelauncher.homeapp,https://play.google.com/store/apps/details?id=org.litelauncher.homeapp,0
My ShiftWork Lite,org.miturnofree,https://www.appbrain.com/app/my-shiftwork-lite/org.miturnofree,1
Firefox Lite ?Fast and Lightweight Web Browser,org.mozilla.rocket,https://www.apkmirror.com/apk/mozilla/firefox-rocket-fast-and-lightweight-web-browser/,1
Torque Lite (OBD2 & Car),org.prowl.torquefree,https://www.appbrain.com/app/torque-lite-obd2-car/org.prowl.torquefree,1
Browser Lite - Fast & Mini ,org.ucmini.lite,https://play.google.com/store/apps/details?id=org.ucmini.lite,0
Vidogram Lite ,org.vidogram.lite,https://play.google.com/store/apps/details?id=org.vidogram.lite,1
Shortcut Master (Lite),org.vndnguyen.shortcutmaster.lite,https://www.apkmirror.com/apk/vndnguyen/shortcut-master-lite/,1
Amazfit Bip / Lite WatchFaces,paolo4c.amazfit.watchfaces,https://www.appbrain.com/app/amazfit-bip-lite-watchfaces/paolo4c.amazfit.watchfaces,0
Lite Mail ,park.lite.email.client,https://play.google.com/store/apps/details?id=park.lite.email.client,0
Let's Create! Pottery Lite,pl.idreams.potterylite,https://www.appbrain.com/app/lets-create-pottery-lite/pl.idreams.potterylite,1
LITE Taxi - tanie przejazdy ,pl.opst.jagab,https://play.google.com/store/apps/details?id=pl.opst.jagab,0
substratum lite theme engine,projekt.substratum.lite,https://www.apkmirror.com/apk/projekt-development-llc/substratum-lite-theme-engine/,0
AlpineQuest Explorer Lite,psyberia.alpinequest.free,https://www.appbrain.com/app/alpinequest-explorer-lite/psyberia.alpinequest.free,0
EagleEyes(Lite),push.lite.avtech.com,https://www.appbrain.com/app/eagleeyeslite/push.lite.avtech.com,1
Quran Lite - Offline Quran Eng ,rashidnk.quran.english,https://play.google.com/store/apps/details?id=rashidnk.quran.english,0
Lunar calendar Dara-Lite,ru.rivendel.dara.free,https://www.appbrain.com/app/lunar-calendar-dara-lite/ru.rivendel.dara.free,1
Screen Recorder VRecorder Lite,screenrecorder.recorder.editor.lite,https://play.google.com/store/apps/details?id=screenrecorder.recorder.editor.lite,1
BIGO LIVE Lite ?Live Stream,sg.bigo.live.lite,https://www.appbrain.com/app/bigo-live-lite-live-stream/sg.bigo.live.lite,1
SHAREit Lite - Fast File Share ,shareit.lite,https://play.google.com/store/apps/details?id=shareit.lite,1
Myth Defense LF lite,smpxg.mythdefense_free,https://www.appbrain.com/app/myth-defense-lf-lite/smpxg.mythdefense_free,1
Spider Lite - Solitaire Games,spider.solitaire.go.card.games.free.no.ads.klondike.solitare.patience,https://play.google.com/store/apps/details?id=spider.solitaire.go.card.games.free.no.ads.klondike.solitare.patience,1
Speed VPN Lite - Fast&Secure ,super.fast.free.vpn.unblock.speedvpnlite,https://play.google.com/store/apps/details?id=super.fast.free.vpn.unblock.speedvpnlite,1
Candy Selfie Lite: beauty cam,sweet.selfie.classic,https://www.appbrain.com/app/candy-selfie-lite-beauty-cam/sweet.selfie.classic,0
Sweet Snap Lite: cam & editor ,sweetsnap.lite.snapchat,https://play.google.com/store/apps/details?id=sweetsnap.lite.snapchat,1
"lite C ride here, ride now",today.youdrive.lite,https://play.google.com/store/apps/details?id=today.youdrive.lite,0
Hinow Lite - Live Video Chat ,tv.hinow.mobile.lite,https://play.google.com/store/apps/details?id=tv.hinow.mobile.lite,1
Auto Clicker Lite ,uit.quocnguyen.autoclickerlite,https://play.google.com/store/apps/details?id=uit.quocnguyen.autoclickerlite,1
KeyChord Lite,umito.android.keychord_lite,https://play.google.com/store/apps/details?id=umito.android.keychord_lite,1
Mini Piano Lite,umito.android.minipiano,https://play.google.com/store/apps/details?id=umito.android.minipiano,1
Fretter Lite - Chords ,umito.android.trial.chordfinder,https://play.google.com/store/apps/details?id=umito.android.trial.chordfinder,1
Likee Lite - Funny videos ,video.like.lite,https://play.google.com/store/apps/details?id=video.like.lite,1
Screen Recorder Lite ,videoeditor.screen.recorder.screenrecorder,https://play.google.com/store/apps/details?id=videoeditor.screen.recorder.screenrecorder,0
Energy Ring - Note 10/5G/Lite/+ battery indicator!,you.in.spark.energy.ring.note,https://www.apkmirror.com/apk/ijp/energy-ring-note-10-5g-battery-indicator/,0
Kids Connect the Dots (Lite) ,zok.android.dots,https://play.google.com/store/apps/details?id=zok.android.dots,1
Kids Numbers and Math Lite,zok.android.numbers,https://www.appbrain.com/app/kids-numbers-and-math-lite/zok.android.numbers,1
Kids Preschool Puzzles (Lite),zok.android.shapes,https://www.appbrain.com/app/kids-preschool-puzzles-lite/zok.android.shapes,1